{
  "project_info": {
    "project_number": "233123369128",
    "firebase_url": "https://firemap-912f8.firebaseio.com",
    "project_id": "firemap-912f8",
    "storage_bucket": "firemap-912f8.appspot.com"
  },
  "client": [
    {
      "client_info": {
        "mobilesdk_app_id": "1:233123369128:android:3f0aaa971e11583c",
        "android_client_info": {
          "package_name": "com.example.user.firemap"
        }
      },
      "oauth_client": [
        {
          "client_id": "233123369128-9eclbbqknnq5dh4tgglti4hni3ovfgc3.apps.googleusercontent.com",
          "client_type": 1,
          "android_info": {
            "package_name": "com.example.user.firemap",
            "certificate_hash": "f6cad8eb37b86ed3344530b3c7a08bd15d684482"
          }
        },
        {
          "client_id": "233123369128-1fmtrkm1d7etg3ifafo4pg8g6fm8ljhi.apps.googleusercontent.com",
          "client_type": 3
        }
      ],
      "api_key": [
        {
          "current_key": "AIzaSyDJuHBqaTOdFPbwS8Jbi6SwgtQg6Iv2cXI"
        }
      ],
      "services": {
        "appinvite_service": {
          "other_platform_oauth_client": [
            {
              "client_id": "233123369128-1fmtrkm1d7etg3ifafo4pg8g6fm8ljhi.apps.googleusercontent.com",
              "client_type": 3
            }
          ]
        }
      }
    }
  ],
  "configuration_version": "1"
}